{
  "Guid" : "AA5252E7-FEFE-486D-B57D-620014BE9902",
  "Tags" : [

  ],
  "Ansi 12 Color" : {
    "Red Component" : 0.88627450980392153,
    "Color Space" : "sRGB",
    "Blue Component" : 0.94509803921568625,
    "Alpha Component" : 1,
    "Green Component" : 0.92941176470588238
  },
  "Ansi 6 Color" : {
    "Red Component" : 0.050980392156862744,
    "Color Space" : "sRGB",
    "Blue Component" : 0.43137254901960786,
    "Alpha Component" : 1,
    "Green Component" : 0.43529411764705883
  },
  "Ansi 2 Color" : {
    "Red Component" : 0.15686274509803921,
    "Color Space" : "sRGB",
    "Blue Component" : 0.090196078431372548,
    "Alpha Component" : 1,
    "Green Component" : 0.36078431372549019
  },
  "Bold Color" : {
    "Green Component" : 0.56485837697982788,
    "Blue Component" : 0.56363654136657715,
    "Red Component" : 0.50599193572998047
  },
  "Normal Font" : "Monaco 12",
  "Link Color" : {
    "Red Component" : 0.1294117719,
    "Color Space" : "sRGB",
    "Blue Component" : 0.81176471709999998,
    "Alpha Component" : 1,
    "Green Component" : 0.3843137324
  },
  "Ansi 4 Color" : {
    "Red Component" : 0.12941176470588237,
    "Color Space" : "sRGB",
    "Blue Component" : 0.81176470588235294,
    "Alpha Component" : 1,
    "Green Component" : 0.3843137254901961
  },
  "Rows" : 25,
  "Default Bookmark" : "No",
  "Right Option Key Sends" : 0,
  "Cursor Guide Color" : {
    "Red Component" : 0.65000000000000002,
    "Color Space" : "Calibrated",
    "Blue Component" : 1,
    "Alpha Component" : 0.25,
    "Green Component" : 0.91000000000000003
  },
  "Non-ASCII Anti Aliased" : true,
  "Use Bright Bold" : true,
  "Ansi 10 Color" : {
    "Red Component" : 0.55294117647058827,
    "Color Space" : "sRGB",
    "Blue Component" : 0.57647058823529407,
    "Alpha Component" : 1,
    "Green Component" : 0.96078431372549022
  },
  "Use Cursor Guide" : false,
  "Ambiguous Double Width" : false,
  "Jobs to Ignore" : [
    "rlogin",
    "ssh",
    "slogin",
    "telnet"
  ],
  "Ansi 15 Color" : {
    "Red Component" : 1,
    "Color Space" : "sRGB",
    "Blue Component" : 1,
    "Alpha Component" : 1,
    "Green Component" : 1
  },
  "Foreground Color" : {
    "Red Component" : 0.0039215688589999999,
    "Color Space" : "sRGB",
    "Blue Component" : 0.29803922770000002,
    "Alpha Component" : 1,
    "Green Component" : 0
  },
  "Bound Hosts" : [

  ],
  "Working Directory" : "\/Users\/stephenbest",
  "Blinking Cursor" : false,
  "Disable Window Resizing" : true,
  "Sync Title" : false,
  "Prompt Before Closing 2" : false,
  "BM Growl" : true,
  "Command" : "\/bin\/zsh",
  "Description" : "Default",
  "Mouse Reporting" : true,
  "Screen" : -1,
  "Selection Color" : {
    "Red Component" : 0.97647058823529409,
    "Color Space" : "sRGB",
    "Blue Component" : 0.28627450980392155,
    "Alpha Component" : 1,
    "Green Component" : 0.83921568627450982
  },
  "Initial Use Transparency" : false,
  "Columns" : 80,
  "Idle Code" : 0,
  "Ansi 13 Color" : {
    "Red Component" : 1,
    "Color Space" : "sRGB",
    "Blue Component" : 1,
    "Alpha Component" : 1,
    "Green Component" : 0
  },
  "Custom Command" : "No",
  "ASCII Anti Aliased" : true,
  "Non Ascii Font" : "Monaco 12",
  "Vertical Spacing" : 1,
  "Use Bold Font" : true,
  "Option Key Sends" : 0,
  "Selected Text Color" : {
    "Red Component" : 0.18823529411764706,
    "Color Space" : "sRGB",
    "Blue Component" : 0.30196078431372547,
    "Alpha Component" : 1,
    "Green Component" : 0.20784313725490197
  },
  "Background Color" : {
    "Red Component" : 1,
    "Color Space" : "sRGB",
    "Blue Component" : 0.80784313725490198,
    "Alpha Component" : 1,
    "Green Component" : 1
  },
  "Character Encoding" : 4,
  "Ansi 11 Color" : {
    "Red Component" : 1,
    "Color Space" : "sRGB",
    "Blue Component" : 0.32549019607843138,
    "Alpha Component" : 1,
    "Green Component" : 0.97647058823529409
  },
  "Use Italic Font" : true,
  "Unlimited Scrollback" : false,
  "Keyboard Map" : {
    "0xf700-0x260000" : {
      "Action" : 10,
      "Text" : "[1;6A"
    },
    "0x37-0x40000" : {
      "Action" : 11,
      "Text" : "0x1f"
    },
    "0x32-0x40000" : {
      "Action" : 11,
      "Text" : "0x00"
    },
    "0xf709-0x20000" : {
      "Action" : 10,
      "Text" : "[17;2~"
    },
    "0xf70c-0x20000" : {
      "Action" : 10,
      "Text" : "[20;2~"
    },
    "0xf729-0x20000" : {
      "Action" : 10,
      "Text" : "[1;2H"
    },
    "0xf72b-0x40000" : {
      "Action" : 10,
      "Text" : "[1;5F"
    },
    "0xf705-0x20000" : {
      "Action" : 10,
      "Text" : "[1;2Q"
    },
    "0xf703-0x260000" : {
      "Action" : 10,
      "Text" : "[1;6C"
    },
    "0xf700-0x220000" : {
      "Action" : 10,
      "Text" : "[1;2A"
    },
    "0xf701-0x280000" : {
      "Action" : 11,
      "Text" : "0x1b 0x1b 0x5b 0x42"
    },
    "0x38-0x40000" : {
      "Action" : 11,
      "Text" : "0x7f"
    },
    "0x33-0x40000" : {
      "Action" : 11,
      "Text" : "0x1b"
    },
    "0xf703-0x220000" : {
      "Action" : 10,
      "Text" : "[1;2C"
    },
    "0xf701-0x240000" : {
      "Action" : 10,
      "Text" : "[1;5B"
    },
    "0xf70d-0x20000" : {
      "Action" : 10,
      "Text" : "[21;2~"
    },
    "0xf702-0x260000" : {
      "Action" : 10,
      "Text" : "[1;6D"
    },
    "0xf729-0x40000" : {
      "Action" : 10,
      "Text" : "[1;5H"
    },
    "0xf706-0x20000" : {
      "Action" : 10,
      "Text" : "[1;2R"
    },
    "0x34-0x40000" : {
      "Action" : 11,
      "Text" : "0x1c"
    },
    "0xf700-0x280000" : {
      "Action" : 11,
      "Text" : "0x1b 0x1b 0x5b 0x41"
    },
    "0x2d-0x40000" : {
      "Action" : 11,
      "Text" : "0x1f"
    },
    "0xf70e-0x20000" : {
      "Action" : 10,
      "Text" : "[23;2~"
    },
    "0xf702-0x220000" : {
      "Action" : 10,
      "Text" : "[1;2D"
    },
    "0xf703-0x280000" : {
      "Action" : 11,
      "Text" : "0x1b 0x1b 0x5b 0x43"
    },
    "0xf700-0x240000" : {
      "Action" : 10,
      "Text" : "[1;5A"
    },
    "0xf707-0x20000" : {
      "Action" : 10,
      "Text" : "[1;2S"
    },
    "0xf70a-0x20000" : {
      "Action" : 10,
      "Text" : "[18;2~"
    },
    "0x35-0x40000" : {
      "Action" : 11,
      "Text" : "0x1d"
    },
    "0xf70f-0x20000" : {
      "Action" : 10,
      "Text" : "[24;2~"
    },
    "0xf703-0x240000" : {
      "Action" : 10,
      "Text" : "[1;5C"
    },
    "0xf701-0x260000" : {
      "Action" : 10,
      "Text" : "[1;6B"
    },
    "0xf702-0x280000" : {
      "Action" : 11,
      "Text" : "0x1b 0x1b 0x5b 0x44"
    },
    "0xf72b-0x20000" : {
      "Action" : 10,
      "Text" : "[1;2F"
    },
    "0x36-0x40000" : {
      "Action" : 11,
      "Text" : "0x1e"
    },
    "0xf708-0x20000" : {
      "Action" : 10,
      "Text" : "[15;2~"
    },
    "0xf701-0x220000" : {
      "Action" : 10,
      "Text" : "[1;2B"
    },
    "0xf70b-0x20000" : {
      "Action" : 10,
      "Text" : "[19;2~"
    },
    "0xf702-0x240000" : {
      "Action" : 10,
      "Text" : "[1;5D"
    },
    "0xf704-0x20000" : {
      "Action" : 10,
      "Text" : "[1;2P"
    }
  },
  "Window Type" : 0,
  "Cursor Boost" : 0,
  "Background Image Location" : "",
  "Blur" : false,
  "Badge Color" : {
    "Red Component" : 1,
    "Color Space" : "Calibrated",
    "Blue Component" : 0,
    "Alpha Component" : 0.5,
    "Green Component" : 0
  },
  "Scrollback Lines" : 10000,
  "Send Code When Idle" : false,
  "Close Sessions On End" : true,
  "Terminal Type" : "xterm-256color",
  "Visual Bell" : true,
  "Flashing Bell" : true,
  "Silence Bell" : true,
  "Ansi 14 Color" : {
    "Red Component" : 0.44705882352941179,
    "Color Space" : "sRGB",
    "Blue Component" : 0.99215686274509807,
    "Alpha Component" : 1,
    "Green Component" : 0.97647058823529409
  },
  "Name" : "Calmar256light",
  "Cursor Text Color" : {
    "Green Component" : 0.15575926005840302,
    "Blue Component" : 0.19370138645172119,
    "Red Component" : 0
  },
  "Shortcut" : "",